title,author,link
lsコマンドのオプションなんだっけな,oreo2990,https://zenn.dev/oreo2990/articles/148c2b548d68cc
Ubuntu22.04でGnome extensionsをインストールできない時の解決法,soy乳,https://zenn.dev/soynyuu/articles/df1f3a07c905ac
「なるほどUnixプロセス」を通じてプロセスの基本をおさらいした,m-88888888,https://zenn.dev/m_88888888/articles/20221106-basic-unix-process
マウントした HDD が df コマンドで表示されない,Hiro,https://zenn.dev/i16777215/articles/4339aa94f6ad7c
VirtualBoxで VM を起動しようとしたら “end Kernel panic と表示され起動出来なくなった時の対応方法,我は優秀なエンジニアになりたい,https://zenn.dev/good_engineer00/articles/1eb73a7a88b3bd
【GUI編】 VirtualBoxでCnetOSの代替、AlmaLinux環境を構築する手順書,我は優秀なエンジニアになりたい,https://zenn.dev/good_engineer00/articles/e66beff795a24b
【GUI編】 VirtualBoxでUbuntu環境を構築する手順書,我は優秀なエンジニアになりたい,https://zenn.dev/good_engineer00/articles/2c6b56b5cfc765
"[SadServers] ""Tokyo"": can't serve web file",kenma,https://zenn.dev/kenma/articles/9468b23f553be1
USBディスクの一部を暗号化してみました。,epsilon phoenix,https://zenn.dev/phoepsilonix/articles/32112d820c3d42
WSL2とDocker Desktopを使った開発環境メモ,Novastride,https://zenn.dev/novastride/articles/3dd6b1f25101ad
