title,author,link,time
window関数とは？使い方などを解説,satumahayato010,https://zenn.dev/satumahayato010/articles/18b6fe9c201cd1,2022-05-25
JPA(1) オブジェクト指向言語とリレーショナルデータベース,SIMOKITAZAWA,https://zenn.dev/simikitazawa/articles/5bfeb8331ac7f0,2022-11-06
[超入門] ド素人でも理解できる！世界一丁寧なデータベース/SQLの教科書,たつきち,https://zenn.dev/ttskch/articles/4c1612a99b1459,2020-02-24
IPA 安全なウェブサイトの作り方~SQL インジェクション~,おすし,https://zenn.dev/marimoofficial/articles/6042640c4e14df,2022-11-06
CockroachDB Serverless Cluster を Terraform でデプロイ！,たこくん,https://zenn.dev/takokun/articles/df8bd104167945,2022-11-05
データベース - ノート02,yunkai,https://zenn.dev/yunkai/articles/839d3433e3352e,2022-11-05
macローカル環境にMySQLをインストールしデータベース環境を構築する,Yuk1,https://zenn.dev/yuk1r97/articles/70bf17a6f90a43,2022-11-04
データベース - ノート01,yunkai,https://zenn.dev/yunkai/articles/d9f05072858a8e,2022-11-03
Genericsを使いミスを防ぐSQL Builder「GenORM」,mazrean,https://zenn.dev/mazrean/articles/c795c04e4837b4,2022-03-15
SQLが重いときに見るお気軽チューニング方法,seyama,https://zenn.dev/seyama/articles/81f54a4ddedf11,2021-05-06
